"num1","num2","dec1","unit1","dec2","unit2","dec_dist","unit_dist","num_dist","min_dec","max_dec","min_unit","max_unit","min_num","max_num","vig1","vig2","b20u1","b20u2","within_dec","within_vig","comp","comp_b20","greater60","smaller60","num1_greater","num2_greater","condition","orig_item","dist_discrepancy","dec_pair","matched_group","stim1","stim2","stim1_correct","is_null","isi","stim_shift"
69,82,6,9,8,2,2,7,13,6,8,2,9,69,82,6,8,9,2,FALSE,FALSE,FALSE,FALSE,TRUE,FALSE,0,1,"gr60_b10i_b20i","62_89",14,"60s_80s","60s_80s_0","69  ","82",0,0,1192.8122656627881,"stim1-tilt-left"
76,74,7,6,7,4,0,2,2,7,7,4,6,74,76,6,6,16,14,TRUE,FALSE,FALSE,FALSE,TRUE,FALSE,1,0,"gr60_b10w_b20w","74_76",0,"70s_70s","70s_70s_1","  76","74",1,0,1912.7134976190284,"stim1-tilt-right"
67,93,6,7,9,3,3,4,26,6,9,3,7,67,93,6,8,7,13,FALSE,FALSE,FALSE,TRUE,TRUE,FALSE,0,1,"gr60_b10i_b20c","63_97",8,"60s_90s","60s_90s_0","67","  93",0,0,1557.8858913022596,"stim2-tilt-right"
79,72,7,9,7,2,0,7,7,7,7,2,9,72,79,6,6,19,12,TRUE,FALSE,FALSE,FALSE,TRUE,FALSE,1,0,"gr60_b10w_b20w","72_79",0,"70s_70s","70s_70s_1","79","72",1,0,1398.5509981780804,"no-tilt"
NA,NA,NA,NA,NA,NA,NA,NA,NA,NA,NA,NA,NA,NA,NA,NA,NA,NA,NA,NA,NA,NA,NA,NA,NA,NA,NA,"null_event",NA,NA,NA,NA,"##","##  ",NA,1,1538.2900451022913,"stim2-tilt-left"
76,79,7,6,7,9,0,3,3,7,7,6,9,76,79,6,6,16,19,TRUE,FALSE,FALSE,FALSE,TRUE,FALSE,0,1,"gr60_b10w_b20w","76_79",0,"70s_70s","70s_70s_0","76","  79",0,0,1152.5041672257184,"stim2-tilt-right"
89,87,8,9,8,7,0,2,2,8,8,7,9,87,89,8,8,9,7,TRUE,FALSE,FALSE,FALSE,TRUE,FALSE,1,0,"gr60_b10w_b20w","87_89",0,"80s_80s","80s_80s_1","89","87",1,0,2158.7603285713903,"no-tilt"
82,97,8,2,9,7,1,5,15,8,9,2,7,82,97,8,8,2,17,FALSE,TRUE,TRUE,FALSE,TRUE,FALSE,0,1,"gr60_b10c_b20w","82_97",0,"80s_90s","80s_90s_0","82","97  ",0,0,1378.5710734360814,"stim2-tilt-left"
34,29,3,4,2,9,1,5,5,2,3,4,9,29,34,3,2,4,9,FALSE,FALSE,FALSE,FALSE,FALSE,TRUE,1,0,"sm60_b10i_b20i","24_39",10,"20s_30s","20s_30s_1","  34","29",1,0,1025.3641312938355,"stim1-tilt-right"
NA,NA,NA,NA,NA,NA,NA,NA,NA,NA,NA,NA,NA,NA,NA,NA,NA,NA,NA,NA,NA,NA,NA,NA,NA,NA,NA,"null_event",NA,NA,NA,NA,"##  ","##",NA,1,1399.0930683995603,"stim1-tilt-left"
69,73,6,9,7,3,1,6,4,6,7,3,9,69,73,6,6,9,13,FALSE,TRUE,FALSE,FALSE,TRUE,FALSE,0,1,"gr60_b10i_b20w","63_79",12,"60s_70s","60s_70s_0","  69","73",0,0,3000,"stim1-tilt-right"
82,89,8,2,8,9,0,7,7,8,8,2,9,82,89,8,8,2,9,TRUE,FALSE,FALSE,FALSE,TRUE,FALSE,0,1,"gr60_b10w_b20w","82_89",0,"80s_80s","80s_80s_0","82","89",0,0,1738.1404928570855,"no-tilt"
74,62,7,4,6,2,1,2,12,6,7,2,4,62,74,6,6,14,2,FALSE,TRUE,TRUE,FALSE,TRUE,FALSE,1,0,"gr60_b10c_b20w","62_74",0,"60s_70s","60s_70s_1","74","62  ",1,0,1286.7306358744213,"stim2-tilt-left"
32,46,3,2,4,6,1,4,14,3,4,2,6,32,46,3,4,2,6,FALSE,FALSE,TRUE,TRUE,FALSE,TRUE,0,1,"sm60_b10c_b20c","32_46",0,"30s_40s","30s_40s_0","32","  46",0,0,1221.0344929320436,"stim2-tilt-right"
92,86,9,2,8,6,1,4,6,8,9,2,6,86,92,8,8,12,6,FALSE,TRUE,FALSE,FALSE,TRUE,FALSE,1,0,"gr60_b10i_b20w","82_96",8,"80s_90s","80s_90s_1","92  ","86",1,0,1254.9942609016882,"stim1-tilt-left"
89,82,8,9,8,2,0,7,7,8,8,2,9,82,89,8,8,9,2,TRUE,FALSE,FALSE,FALSE,TRUE,FALSE,1,0,"gr60_b10w_b20w","82_89",0,"80s_80s","80s_80s_1","89","82",1,0,1097.3001131998194,"no-tilt"
43,49,4,3,4,9,0,6,6,4,4,3,9,43,49,4,4,3,9,TRUE,FALSE,FALSE,FALSE,FALSE,TRUE,0,1,"sm60_b10w_b20w","43_49",0,"40s_40s","40s_40s_0","  43","49",0,0,1832.0583907060386,"stim1-tilt-right"
NA,NA,NA,NA,NA,NA,NA,NA,NA,NA,NA,NA,NA,NA,NA,NA,NA,NA,NA,NA,NA,NA,NA,NA,NA,NA,NA,"null_event",NA,NA,NA,NA,"##","  ##",NA,1,1500.0765641226426,"stim2-tilt-right"
96,74,9,6,7,4,2,2,22,7,9,4,6,74,96,8,6,16,14,FALSE,FALSE,TRUE,TRUE,TRUE,FALSE,1,0,"gr60_b10c_b20c","74_96",0,"70s_90s","70s_90s_1","96","74  ",1,0,1178.638010424376,"stim2-tilt-left"
25,39,2,5,3,9,1,4,14,2,3,5,9,25,39,2,3,5,9,FALSE,FALSE,TRUE,TRUE,FALSE,TRUE,0,1,"sm60_b10c_b20c","25_39",0,"20s_30s","20s_30s_0","25  ","39",0,0,1101.2642757479734,"stim1-tilt-left"
74,73,7,4,7,3,0,1,1,7,7,3,4,73,74,6,6,14,13,TRUE,FALSE,FALSE,FALSE,TRUE,FALSE,1,0,"gr60_b10w_b20w","73_74",0,"70s_70s","70s_70s_1","74","  73",1,0,1492.0936619047236,"stim2-tilt-right"
43,25,4,3,2,5,2,2,18,2,4,3,5,25,43,4,2,3,5,FALSE,FALSE,FALSE,FALSE,FALSE,TRUE,1,0,"sm60_b10i_b20i","23_45",4,"20s_40s","20s_40s_1","  43","25",1,0,1510.103897595022,"stim1-tilt-right"
NA,NA,NA,NA,NA,NA,NA,NA,NA,NA,NA,NA,NA,NA,NA,NA,NA,NA,NA,NA,NA,NA,NA,NA,NA,NA,NA,"null_event",NA,NA,NA,NA,"##","##",NA,1,1724.6538699031817,"no-tilt"
38,52,3,8,5,2,2,6,14,3,5,2,8,38,52,3,5,8,2,FALSE,FALSE,FALSE,FALSE,FALSE,TRUE,0,1,"sm60_b10i_b20i","32_58",12,"30s_50s","30s_50s_0","38  ","52",0,0,1051.8079065336206,"stim1-tilt-left"
27,53,2,7,5,3,3,4,26,2,5,3,7,27,53,2,5,7,3,FALSE,FALSE,FALSE,FALSE,FALSE,TRUE,0,1,"sm60_b10i_b20i","23_57",8,"20s_50s","20s_50s_0","27","53  ",0,0,2569.323441926608,"stim2-tilt-left"
92,95,9,2,9,5,0,3,3,9,9,2,5,92,95,8,8,12,15,TRUE,FALSE,FALSE,FALSE,TRUE,FALSE,0,1,"gr60_b10w_b20w","92_95",0,"90s_90s","90s_90s_0","92  ","95",0,0,2023.3509861880489,"stim1-tilt-left"
89,75,8,9,7,5,1,4,14,7,8,5,9,75,89,8,6,9,15,FALSE,FALSE,TRUE,FALSE,TRUE,FALSE,1,0,"gr60_b10c_b20i","75_89",0,"70s_80s","70s_80s_1","  89","75",1,0,3000,"stim1-tilt-right"
NA,NA,NA,NA,NA,NA,NA,NA,NA,NA,NA,NA,NA,NA,NA,NA,NA,NA,NA,NA,NA,NA,NA,NA,NA,NA,NA,"null_event",NA,NA,NA,NA,"##","##  ",NA,1,1217.1426198326046,"stim2-tilt-left"
87,93,8,7,9,3,1,4,6,8,9,3,7,87,93,8,8,7,13,FALSE,TRUE,FALSE,FALSE,TRUE,FALSE,0,1,"gr60_b10i_b20w","83_97",8,"80s_90s","80s_90s_0","87","  93",0,0,2167.420672268402,"stim2-tilt-right"
78,92,7,8,9,2,2,6,14,7,9,2,8,78,92,6,8,18,12,FALSE,FALSE,FALSE,FALSE,TRUE,FALSE,0,1,"gr60_b10i_b20i","72_98",12,"70s_90s","70s_90s_0","78","92",0,0,1028.3539113834156,"no-tilt"
92,86,9,2,8,6,1,4,6,8,9,2,6,86,92,8,8,12,6,FALSE,TRUE,FALSE,FALSE,TRUE,FALSE,1,0,"gr60_b10i_b20w","82_96",8,"80s_90s","80s_90s_1","  92","86",1,0,1642.1216021940147,"stim1-tilt-right"
67,93,6,7,9,3,3,4,26,6,9,3,7,67,93,6,8,7,13,FALSE,FALSE,FALSE,TRUE,TRUE,FALSE,0,1,"gr60_b10i_b20c","63_97",8,"60s_90s","60s_90s_0","67","  93",0,0,1326.342326093221,"stim2-tilt-right"
45,29,4,5,2,9,2,4,16,2,4,5,9,29,45,4,2,5,9,FALSE,FALSE,FALSE,FALSE,FALSE,TRUE,1,0,"sm60_b10i_b20i","25_49",8,"20s_40s","20s_40s_1","45","29  ",1,0,1790.9380448778327,"stim2-tilt-left"
78,93,7,8,9,3,2,5,15,7,9,3,8,78,93,6,8,18,13,FALSE,FALSE,FALSE,FALSE,TRUE,FALSE,0,1,"gr60_b10i_b20i","73_98",10,"70s_90s","70s_90s_0","78","93",0,0,2115.7410821699846,"no-tilt"
87,94,8,7,9,4,1,3,7,8,9,4,7,87,94,8,8,7,14,FALSE,TRUE,FALSE,FALSE,TRUE,FALSE,0,1,"gr60_b10i_b20w","84_97",6,"80s_90s","80s_90s_0","87  ","94",0,0,1116.8225321196273,"stim1-tilt-left"
NA,NA,NA,NA,NA,NA,NA,NA,NA,NA,NA,NA,NA,NA,NA,NA,NA,NA,NA,NA,NA,NA,NA,NA,NA,NA,NA,"null_event",NA,NA,NA,NA,"##  ","##",NA,1,1430.7517298384143,"stim1-tilt-left"
62,78,6,2,7,8,1,6,16,6,7,2,8,62,78,6,6,2,18,FALSE,TRUE,TRUE,FALSE,TRUE,FALSE,0,1,"gr60_b10c_b20w","62_78",0,"60s_70s","60s_70s_0","  62","78",0,0,1919.047382290721,"stim1-tilt-right"
69,62,6,9,6,2,0,7,7,6,6,2,9,62,69,6,6,9,2,TRUE,FALSE,FALSE,FALSE,TRUE,FALSE,1,0,"gr60_b10w_b20w","62_69",0,"60s_60s","60s_60s_1","69","62",1,0,1246.0468309523617,"no-tilt"
94,78,9,4,7,8,2,4,16,7,9,4,8,78,94,8,6,14,18,FALSE,FALSE,FALSE,FALSE,TRUE,FALSE,1,0,"gr60_b10i_b20i","74_98",8,"70s_90s","70s_90s_1","94","78  ",1,0,1673.6116232549773,"stim2-tilt-left"
94,76,9,4,7,6,2,2,18,7,9,4,6,76,94,8,6,14,16,FALSE,FALSE,FALSE,FALSE,TRUE,FALSE,1,0,"gr60_b10i_b20i","74_96",4,"70s_90s","70s_90s_1","94","  76",1,0,1414.982469325563,"stim2-tilt-right"
NA,NA,NA,NA,NA,NA,NA,NA,NA,NA,NA,NA,NA,NA,NA,NA,NA,NA,NA,NA,NA,NA,NA,NA,NA,NA,NA,"null_event",NA,NA,NA,NA,"  ##","##",NA,1,1195.419216475279,"stim1-tilt-right"
42,47,4,2,4,7,0,5,5,4,4,2,7,42,47,4,4,2,7,TRUE,FALSE,FALSE,FALSE,FALSE,TRUE,0,1,"sm60_b10w_b20w","42_47",0,"40s_40s","40s_40s_0","42  ","47",0,0,1092.5217401012121,"stim1-tilt-left"
73,74,7,3,7,4,0,1,1,7,7,3,4,73,74,6,6,13,14,TRUE,FALSE,FALSE,FALSE,TRUE,FALSE,0,1,"gr60_b10w_b20w","73_74",0,"70s_70s","70s_70s_0","73","  74",0,0,1819.1708338923854,"stim2-tilt-right"
72,79,7,2,7,9,0,7,7,7,7,2,9,72,79,6,6,12,19,TRUE,FALSE,FALSE,FALSE,TRUE,FALSE,0,1,"gr60_b10w_b20w","72_79",0,"70s_70s","70s_70s_0","72","79  ",0,0,1356.684319521382,"stim2-tilt-left"
69,63,6,9,6,3,0,6,6,6,6,3,9,63,69,6,6,9,3,TRUE,FALSE,FALSE,FALSE,TRUE,FALSE,1,0,"gr60_b10w_b20w","63_69",0,"60s_60s","60s_60s_1","69","63",1,0,1071.4738261904185,"no-tilt"
NA,NA,NA,NA,NA,NA,NA,NA,NA,NA,NA,NA,NA,NA,NA,NA,NA,NA,NA,NA,NA,NA,NA,NA,NA,NA,NA,"null_event",NA,NA,NA,NA,"  ##","##",NA,1,1783.0105084126803,"stim1-tilt-right"
89,75,8,9,7,5,1,4,14,7,8,5,9,75,89,8,6,9,15,FALSE,FALSE,TRUE,FALSE,TRUE,FALSE,1,0,"gr60_b10c_b20i","75_89",0,"70s_80s","70s_80s_1","89","  75",1,0,1309.8039199714863,"stim2-tilt-right"
43,29,4,3,2,9,2,6,14,2,4,3,9,29,43,4,2,3,9,FALSE,FALSE,FALSE,FALSE,FALSE,TRUE,1,0,"sm60_b10i_b20i","23_49",12,"20s_40s","20s_40s_1","43","29  ",1,0,1204.1110529546365,"stim2-tilt-left"
64,97,6,4,9,7,3,3,33,6,9,4,7,64,97,6,8,4,17,FALSE,FALSE,TRUE,TRUE,TRUE,FALSE,0,1,"gr60_b10c_b20c","64_97",0,"60s_90s","60s_90s_0","64","97",0,0,1315.03993816547,"no-tilt"
93,87,9,3,8,7,1,4,6,8,9,3,7,87,93,8,8,13,7,FALSE,TRUE,FALSE,FALSE,TRUE,FALSE,1,0,"gr60_b10i_b20w","83_97",8,"80s_90s","80s_90s_1","93  ","87",1,0,1780.2933309760756,"stim1-tilt-left"
67,82,6,7,8,2,2,5,15,6,8,2,7,67,82,6,8,7,2,FALSE,FALSE,FALSE,FALSE,TRUE,FALSE,0,1,"gr60_b10i_b20i","62_87",10,"60s_80s","60s_80s_0","  67","82",0,0,1470.483370298423,"stim1-tilt-right"
56,58,5,6,5,8,0,2,2,5,5,6,8,56,58,5,5,6,8,TRUE,FALSE,FALSE,FALSE,FALSE,TRUE,0,1,"sm60_b10w_b20w","56_58",0,"50s_50s","50s_50s_0","56","58",0,0,1021.8279784808062,"no-tilt"
35,32,3,5,3,2,0,3,3,3,3,2,5,32,35,3,3,5,2,TRUE,FALSE,FALSE,FALSE,FALSE,TRUE,1,0,"sm60_b10w_b20w","32_35",0,"30s_30s","30s_30s_1","35","  32",1,0,2340.6093261602696,"stim2-tilt-right"
NA,NA,NA,NA,NA,NA,NA,NA,NA,NA,NA,NA,NA,NA,NA,NA,NA,NA,NA,NA,NA,NA,NA,NA,NA,NA,NA,"null_event",NA,NA,NA,NA,"##","##  ",NA,1,1046.8342898252943,"stim2-tilt-left"
96,83,9,6,8,3,1,3,13,8,9,3,6,83,96,8,8,16,3,FALSE,TRUE,TRUE,FALSE,TRUE,FALSE,1,0,"gr60_b10c_b20w","83_96",0,"80s_90s","80s_90s_1","96  ","83",1,0,1130.2591680238827,"stim1-tilt-left"
39,32,3,9,3,2,0,7,7,3,3,2,9,32,39,3,3,9,2,TRUE,FALSE,FALSE,FALSE,FALSE,TRUE,1,0,"sm60_b10w_b20w","32_39",0,"30s_30s","30s_30s_1","  39","32",1,0,1118.0661592920728,"stim1-tilt-right"
92,97,9,2,9,7,0,5,5,9,9,2,7,92,97,8,8,12,17,TRUE,FALSE,FALSE,FALSE,TRUE,FALSE,0,1,"gr60_b10w_b20w","92_97",0,"90s_90s","90s_90s_0","92  ","97",0,0,1124.274605189603,"stim1-tilt-left"
68,79,6,8,7,9,1,1,11,6,7,8,9,68,79,6,6,8,19,FALSE,TRUE,TRUE,FALSE,TRUE,FALSE,0,1,"gr60_b10c_b20w","68_79",0,"60s_70s","60s_70s_0","68","79",0,0,2459.5236911453608,"no-tilt"
62,68,6,2,6,8,0,6,6,6,6,2,8,62,68,6,6,2,8,TRUE,FALSE,FALSE,FALSE,TRUE,FALSE,0,1,"gr60_b10w_b20w","62_68",0,"60s_60s","60s_60s_0","62","68  ",0,0,1317.5206571427802,"stim2-tilt-left"
NA,NA,NA,NA,NA,NA,NA,NA,NA,NA,NA,NA,NA,NA,NA,NA,NA,NA,NA,NA,NA,NA,NA,NA,NA,NA,NA,"null_event",NA,NA,NA,NA,"##","  ##",NA,1,1154.372605089171,"stim2-tilt-right"
43,42,4,3,4,2,0,1,1,4,4,2,3,42,43,4,4,3,2,TRUE,FALSE,FALSE,FALSE,FALSE,TRUE,1,0,"sm60_b10w_b20w","42_43",0,"40s_40s","40s_40s_1","  43","42",1,0,1681.2186523205378,"stim1-tilt-right"
83,85,8,3,8,5,0,2,2,8,8,3,5,83,85,8,8,3,5,TRUE,FALSE,FALSE,FALSE,TRUE,FALSE,0,1,"gr60_b10w_b20w","83_85",0,"80s_80s","80s_80s_0","83","85",0,0,1443.521653684805,"no-tilt"
32,35,3,2,3,5,0,3,3,3,3,2,5,32,35,3,3,2,5,TRUE,FALSE,FALSE,FALSE,FALSE,TRUE,0,1,"sm60_b10w_b20w","32_35",0,"30s_30s","30s_30s_0","32  ","35",0,0,1374.6194491767114,"stim1-tilt-left"
63,69,6,3,6,9,0,6,6,6,6,3,9,63,69,6,6,3,9,TRUE,FALSE,FALSE,FALSE,TRUE,FALSE,0,1,"gr60_b10w_b20w","63_69",0,"60s_60s","60s_60s_0","63","  69",0,0,1046.701972376097,"stim2-tilt-right"
NA,NA,NA,NA,NA,NA,NA,NA,NA,NA,NA,NA,NA,NA,NA,NA,NA,NA,NA,NA,NA,NA,NA,NA,NA,NA,NA,"null_event",NA,NA,NA,NA,"##","##  ",NA,1,1671.8638690723235,"stim2-tilt-left"
98,74,9,8,7,4,2,4,24,7,9,4,8,74,98,8,6,18,14,FALSE,FALSE,TRUE,TRUE,TRUE,FALSE,1,0,"gr60_b10c_b20c","74_98",0,"70s_90s","70s_90s_1","98","  74",1,0,1942.7321063611043,"stim2-tilt-right"
68,93,6,8,9,3,3,5,25,6,9,3,8,68,93,6,8,8,13,FALSE,FALSE,FALSE,TRUE,TRUE,FALSE,0,1,"gr60_b10i_b20c","63_98",10,"60s_90s","60s_90s_0","  68","93",0,0,2442.1141086977404,"stim1-tilt-right"
25,29,2,5,2,9,0,4,4,2,2,5,9,25,29,2,2,5,9,TRUE,FALSE,FALSE,FALSE,FALSE,TRUE,0,1,"sm60_b10w_b20w","25_29",0,"20s_20s","20s_20s_0","25","29",0,0,1172.6677168663068,"no-tilt"
75,73,7,5,7,3,0,2,2,7,7,3,5,73,75,6,6,15,13,TRUE,FALSE,FALSE,FALSE,TRUE,FALSE,1,0,"gr60_b10w_b20w","73_75",0,"70s_70s","70s_70s_1","75","73  ",1,0,1022.9018179704999,"stim2-tilt-left"
NA,NA,NA,NA,NA,NA,NA,NA,NA,NA,NA,NA,NA,NA,NA,NA,NA,NA,NA,NA,NA,NA,NA,NA,NA,NA,NA,"null_event",NA,NA,NA,NA,"##  ","##",NA,1,1080.4127999343984,"stim1-tilt-left"
97,63,9,7,6,3,3,4,34,6,9,3,7,63,97,8,6,17,3,FALSE,FALSE,TRUE,TRUE,TRUE,FALSE,1,0,"gr60_b10c_b20c","63_97",0,"60s_90s","60s_90s_1","97","63",1,0,1556.6047731418794,"no-tilt"
42,56,4,2,5,6,1,4,14,4,5,2,6,42,56,4,5,2,6,FALSE,FALSE,TRUE,TRUE,FALSE,TRUE,0,1,"sm60_b10c_b20c","42_56",0,"40s_50s","40s_50s_0","42  ","56",0,0,1633.9785078182822,"stim1-tilt-left"
75,84,7,5,8,4,1,1,9,7,8,4,5,75,84,6,8,15,4,FALSE,FALSE,FALSE,FALSE,TRUE,FALSE,0,1,"gr60_b10i_b20i","74_85",2,"70s_80s","70s_80s_0","  75","84",0,0,1857.1119282405703,"stim1-tilt-right"
73,79,7,3,7,9,0,6,6,7,7,3,9,73,79,6,6,13,19,TRUE,FALSE,FALSE,FALSE,TRUE,FALSE,0,1,"gr60_b10w_b20w","73_79",0,"70s_70s","70s_70s_0","73","79  ",0,0,3000,"stim2-tilt-left"
72,68,7,2,6,8,1,6,4,6,7,2,8,68,72,6,6,12,8,FALSE,TRUE,FALSE,FALSE,TRUE,FALSE,1,0,"gr60_b10i_b20w","62_78",12,"60s_70s","60s_70s_1","72","  68",1,0,1424.1027897768388,"stim2-tilt-right"
25,43,2,5,4,3,2,2,18,2,4,3,5,25,43,2,4,5,3,FALSE,FALSE,FALSE,FALSE,FALSE,TRUE,0,1,"sm60_b10i_b20i","23_45",4,"20s_40s","20s_40s_0","25","43",0,0,1239.6255722774122,"no-tilt"
86,92,8,6,9,2,1,4,6,8,9,2,6,86,92,8,8,6,12,FALSE,TRUE,FALSE,FALSE,TRUE,FALSE,0,1,"gr60_b10i_b20w","82_96",8,"80s_90s","80s_90s_0","86  ","92",0,0,1056.1624571941572,"stim1-tilt-left"
NA,NA,NA,NA,NA,NA,NA,NA,NA,NA,NA,NA,NA,NA,NA,NA,NA,NA,NA,NA,NA,NA,NA,NA,NA,NA,NA,"null_event",NA,NA,NA,NA,"##","  ##",NA,1,1134.9363727182317,"stim2-tilt-right"
32,54,3,2,5,4,2,2,22,3,5,2,4,32,54,3,5,2,4,FALSE,FALSE,TRUE,TRUE,FALSE,TRUE,0,1,"sm60_b10c_b20c","32_54",0,"30s_50s","30s_50s_0","  32","54",0,0,1178.638010424376,"stim1-tilt-right"
28,27,2,8,2,7,0,1,1,2,2,7,8,27,28,2,2,8,7,TRUE,FALSE,FALSE,FALSE,FALSE,TRUE,1,0,"sm60_b10w_b20w","27_28",0,"20s_20s","20s_20s_1","28","27  ",1,0,1201.9517323104049,"stim2-tilt-left"
56,43,5,6,4,3,1,3,13,4,5,3,6,43,56,5,4,6,3,FALSE,FALSE,TRUE,TRUE,FALSE,TRUE,1,0,"sm60_b10c_b20c","43_56",0,"40s_50s","40s_50s_1","56  ","43",1,0,1315.03993816547,"stim1-tilt-left"
NA,NA,NA,NA,NA,NA,NA,NA,NA,NA,NA,NA,NA,NA,NA,NA,NA,NA,NA,NA,NA,NA,NA,NA,NA,NA,NA,"null_event",NA,NA,NA,NA,"##","##",NA,1,1579.336656488399,"no-tilt"
69,68,6,9,6,8,0,1,1,6,6,8,9,68,69,6,6,9,8,TRUE,FALSE,FALSE,FALSE,TRUE,FALSE,1,0,"gr60_b10w_b20w","68_69",0,"60s_60s","60s_60s_1","69","68  ",1,0,2333.333333333334,"stim2-tilt-left"
82,96,8,2,9,6,1,4,14,8,9,2,6,82,96,8,8,2,16,FALSE,TRUE,TRUE,FALSE,TRUE,FALSE,0,1,"gr60_b10c_b20w","82_96",0,"80s_90s","80s_90s_0","  82","96",0,0,2143.3653179372104,"stim1-tilt-right"
93,78,9,3,7,8,2,5,15,7,9,3,8,78,93,8,6,13,18,FALSE,FALSE,FALSE,FALSE,TRUE,FALSE,1,0,"gr60_b10i_b20i","73_98",10,"70s_90s","70s_90s_1","93","  78",1,0,1231.48216433997,"stim2-tilt-right"
39,34,3,9,3,4,0,5,5,3,3,4,9,34,39,3,3,9,4,TRUE,FALSE,FALSE,FALSE,FALSE,TRUE,1,0,"sm60_b10w_b20w","34_39",0,"30s_30s","30s_30s_1","39","34",1,0,1751.9124139409437,"no-tilt"
47,52,4,7,5,2,1,5,5,4,5,2,7,47,52,4,5,7,2,FALSE,FALSE,FALSE,FALSE,FALSE,TRUE,0,1,"sm60_b10i_b20i","42_57",10,"40s_50s","40s_50s_0","47","52  ",0,0,1569.323441926607,"stim2-tilt-left"
28,23,2,8,2,3,0,5,5,2,2,3,8,23,28,2,2,8,3,TRUE,FALSE,FALSE,FALSE,FALSE,TRUE,1,0,"sm60_b10w_b20w","23_28",0,"20s_20s","20s_20s_1","28","  23",1,0,2034.0101230164432,"stim2-tilt-right"
NA,NA,NA,NA,NA,NA,NA,NA,NA,NA,NA,NA,NA,NA,NA,NA,NA,NA,NA,NA,NA,NA,NA,NA,NA,NA,NA,"null_event",NA,NA,NA,NA,"  ##","##",NA,1,1369.1465436774388,"stim1-tilt-right"
23,49,2,3,4,9,2,6,26,2,4,3,9,23,49,2,4,3,9,FALSE,FALSE,TRUE,TRUE,FALSE,TRUE,0,1,"sm60_b10c_b20c","23_49",0,"20s_40s","20s_40s_0","23  ","49",0,0,1367.6213917831278,"stim1-tilt-left"
98,93,9,8,9,3,0,5,5,9,9,3,8,93,98,8,8,18,13,TRUE,FALSE,FALSE,FALSE,TRUE,FALSE,1,0,"gr60_b10w_b20w","93_98",0,"90s_90s","90s_90s_1","98","  93",1,0,1280.7320512249562,"stim2-tilt-right"
67,94,6,7,9,4,3,3,27,6,9,4,7,67,94,6,8,7,14,FALSE,FALSE,FALSE,TRUE,TRUE,FALSE,0,1,"gr60_b10i_b20c","64_97",6,"60s_90s","60s_90s_0","  67","94",0,0,1231.5435652090387,"stim1-tilt-right"
24,57,2,4,5,7,3,3,33,2,5,4,7,24,57,2,5,4,7,FALSE,FALSE,TRUE,TRUE,FALSE,TRUE,0,1,"sm60_b10c_b20c","24_57",0,"20s_50s","20s_50s_0","24","57  ",0,0,2278.30238657094,"stim2-tilt-left"
NA,NA,NA,NA,NA,NA,NA,NA,NA,NA,NA,NA,NA,NA,NA,NA,NA,NA,NA,NA,NA,NA,NA,NA,NA,NA,NA,"null_event",NA,NA,NA,NA,"##","##",NA,1,1287.9464290592032,"no-tilt"
56,52,5,6,5,2,0,4,4,5,5,2,6,52,56,5,5,6,2,TRUE,FALSE,FALSE,FALSE,FALSE,TRUE,1,0,"sm60_b10w_b20w","52_56",0,"50s_50s","50s_50s_1","56  ","52",1,0,1335.8832185879246,"stim1-tilt-left"
35,28,3,5,2,8,1,3,7,2,3,5,8,28,35,3,2,5,8,FALSE,FALSE,FALSE,FALSE,FALSE,TRUE,1,0,"sm60_b10i_b20i","25_38",6,"20s_30s","20s_30s_1","35  ","28",1,0,1360.2614868044395,"stim1-tilt-left"
52,38,5,2,3,8,2,6,14,3,5,2,8,38,52,5,3,2,8,FALSE,FALSE,FALSE,FALSE,FALSE,TRUE,1,0,"sm60_b10i_b20i","32_58",12,"30s_50s","30s_50s_1","52","38  ",1,0,1108.3318503918472,"stim2-tilt-left"
79,86,7,9,8,6,1,3,7,7,8,6,9,79,86,6,8,19,6,FALSE,FALSE,FALSE,FALSE,TRUE,FALSE,0,1,"gr60_b10i_b20i","76_89",6,"70s_80s","70s_80s_0","  79","86",0,0,1363.926589670676,"stim1-tilt-right"
23,29,2,3,2,9,0,6,6,2,2,3,9,23,29,2,2,3,9,TRUE,FALSE,FALSE,FALSE,FALSE,TRUE,0,1,"sm60_b10w_b20w","23_29",0,"20s_20s","20s_20s_0","23","  29",0,0,1560.7754473195337,"stim2-tilt-right"
63,79,6,3,7,9,1,6,16,6,7,3,9,63,79,6,6,3,19,FALSE,TRUE,TRUE,FALSE,TRUE,FALSE,0,1,"gr60_b10c_b20w","63_79",0,"60s_70s","60s_70s_0","63","79",0,0,1062.4127002279317,"no-tilt"
NA,NA,NA,NA,NA,NA,NA,NA,NA,NA,NA,NA,NA,NA,NA,NA,NA,NA,NA,NA,NA,NA,NA,NA,NA,NA,NA,"null_event",NA,NA,NA,NA,"##","  ##",NA,1,2007.5878141932199,"stim2-tilt-right"
94,68,9,4,6,8,3,4,26,6,9,4,8,68,94,8,6,14,8,FALSE,FALSE,FALSE,TRUE,TRUE,FALSE,1,0,"gr60_b10i_b20c","64_98",8,"60s_90s","60s_90s_1","94  ","68",1,0,1884.2282173954807,"stim1-tilt-left"
93,68,9,3,6,8,3,5,25,6,9,3,8,68,93,8,6,13,8,FALSE,FALSE,FALSE,TRUE,TRUE,FALSE,1,0,"gr60_b10i_b20c","63_98",10,"60s_90s","60s_90s_1","93","68",1,0,3000,"no-tilt"
64,65,6,4,6,5,0,1,1,6,6,4,5,64,65,6,6,4,5,TRUE,FALSE,FALSE,FALSE,TRUE,FALSE,0,1,"gr60_b10w_b20w","64_65",0,"60s_60s","60s_60s_0","64","65  ",0,0,1544.8944409039082,"stim2-tilt-left"
39,42,3,9,4,2,1,7,3,3,4,2,9,39,42,3,4,9,2,FALSE,FALSE,FALSE,FALSE,FALSE,TRUE,0,1,"sm60_b10i_b20i","32_49",14,"30s_40s","30s_40s_0","  39","42",0,0,1277.2937677064278,"stim1-tilt-right"
79,85,7,9,8,5,1,4,6,7,8,5,9,79,85,6,8,19,5,FALSE,FALSE,FALSE,FALSE,TRUE,FALSE,0,1,"gr60_b10i_b20i","75_89",8,"70s_80s","70s_80s_0","79","85",0,0,1531.2777288528887,"no-tilt"
35,29,3,5,2,9,1,4,6,2,3,5,9,29,35,3,2,5,9,FALSE,FALSE,FALSE,FALSE,FALSE,TRUE,1,0,"sm60_b10i_b20i","25_39",8,"20s_30s","20s_30s_1","35","  29",1,0,1138.646883853214,"stim2-tilt-right"
NA,NA,NA,NA,NA,NA,NA,NA,NA,NA,NA,NA,NA,NA,NA,NA,NA,NA,NA,NA,NA,NA,NA,NA,NA,NA,NA,"null_event",NA,NA,NA,NA,"##","##  ",NA,1,2108.5713099163017,"stim2-tilt-left"
23,45,2,3,4,5,2,2,22,2,4,3,5,23,45,2,4,3,5,FALSE,FALSE,TRUE,TRUE,FALSE,TRUE,0,1,"sm60_b10c_b20c","23_45",0,"20s_40s","20s_40s_0","23  ","45",0,0,1721.6976134290608,"stim1-tilt-left"
57,43,5,7,4,3,1,4,14,4,5,3,7,43,57,5,4,7,3,FALSE,FALSE,TRUE,TRUE,FALSE,TRUE,1,0,"sm60_b10c_b20c","43_57",0,"40s_50s","40s_50s_1","  57","43",1,0,1942.7321063611043,"stim1-tilt-right"
27,43,2,7,4,3,2,4,16,2,4,3,7,27,43,2,4,7,3,FALSE,FALSE,FALSE,FALSE,FALSE,TRUE,0,1,"sm60_b10i_b20i","23_47",8,"20s_40s","20s_40s_0","27","43  ",0,0,1634.7876110280297,"stim2-tilt-left"
92,68,9,2,6,8,3,6,24,6,9,2,8,68,92,8,6,12,8,FALSE,FALSE,FALSE,TRUE,TRUE,FALSE,1,0,"gr60_b10i_b20c","62_98",12,"60s_90s","60s_90s_1","92","  68",1,0,1070.0319080373124,"stim2-tilt-right"
NA,NA,NA,NA,NA,NA,NA,NA,NA,NA,NA,NA,NA,NA,NA,NA,NA,NA,NA,NA,NA,NA,NA,NA,NA,NA,NA,"null_event",NA,NA,NA,NA,"##  ","##",NA,1,1239.7529341669792,"stim1-tilt-left"
24,39,2,4,3,9,1,5,15,2,3,4,9,24,39,2,3,4,9,FALSE,FALSE,TRUE,TRUE,FALSE,TRUE,0,1,"sm60_b10c_b20c","24_39",0,"20s_30s","20s_30s_0","24","39",0,0,2544.659502606094,"no-tilt"
29,35,2,9,3,5,1,4,6,2,3,5,9,29,35,2,3,9,5,FALSE,FALSE,FALSE,FALSE,FALSE,TRUE,0,1,"sm60_b10i_b20i","25_39",8,"20s_30s","20s_30s_0","  29","35",0,0,1079.427339521629,"stim1-tilt-right"
89,72,8,9,7,2,1,7,17,7,8,2,9,72,89,8,6,9,12,FALSE,FALSE,TRUE,FALSE,TRUE,FALSE,1,0,"gr60_b10c_b20i","72_89",0,"70s_80s","70s_80s_1","89  ","72",1,0,2397.940008672038,"stim1-tilt-left"
82,67,8,2,6,7,2,5,15,6,8,2,7,67,82,8,6,2,7,FALSE,FALSE,FALSE,FALSE,TRUE,FALSE,1,0,"gr60_b10i_b20i","62_87",10,"60s_80s","60s_80s_1","82","67  ",1,0,2299.2413871555773,"stim2-tilt-left"
29,43,2,9,4,3,2,6,14,2,4,3,9,29,43,2,4,9,3,FALSE,FALSE,FALSE,FALSE,FALSE,TRUE,0,1,"sm60_b10i_b20i","23_49",12,"20s_40s","20s_40s_0","  29","43",0,0,1170.5171995648495,"stim1-tilt-right"
38,36,3,8,3,6,0,2,2,3,3,6,8,36,38,3,3,8,6,TRUE,FALSE,FALSE,FALSE,FALSE,TRUE,1,0,"sm60_b10w_b20w","36_38",0,"30s_30s","30s_30s_1","38","  36",1,0,1232.7381346641148,"stim2-tilt-right"
NA,NA,NA,NA,NA,NA,NA,NA,NA,NA,NA,NA,NA,NA,NA,NA,NA,NA,NA,NA,NA,NA,NA,NA,NA,NA,NA,"null_event",NA,NA,NA,NA,"##","##",NA,1,1340.7364298900616,"no-tilt"
57,42,5,7,4,2,1,5,15,4,5,2,7,42,57,5,4,7,2,FALSE,FALSE,TRUE,TRUE,FALSE,TRUE,1,0,"sm60_b10c_b20c","42_57",0,"40s_50s","40s_50s_1","57  ","42",1,0,1822.9618891770338,"stim1-tilt-left"
53,27,5,3,2,7,3,4,26,2,5,3,7,27,53,5,2,3,7,FALSE,FALSE,FALSE,FALSE,FALSE,TRUE,1,0,"sm60_b10i_b20i","23_57",8,"20s_50s","20s_50s_1","53","  27",1,0,3000,"stim2-tilt-right"
62,87,6,2,8,7,2,5,25,6,8,2,7,62,87,6,8,2,7,FALSE,FALSE,TRUE,TRUE,TRUE,FALSE,0,1,"gr60_b10c_b20c","62_87",0,"60s_80s","60s_80s_0","62","87  ",0,0,1065.7465731353395,"stim2-tilt-left"
NA,NA,NA,NA,NA,NA,NA,NA,NA,NA,NA,NA,NA,NA,NA,NA,NA,NA,NA,NA,NA,NA,NA,NA,NA,NA,NA,"null_event",NA,NA,NA,NA,"  ##","##",NA,1,1922.2074851154111,"stim1-tilt-right"
98,62,9,8,6,2,3,6,36,6,9,2,8,62,98,8,6,18,2,FALSE,FALSE,TRUE,TRUE,TRUE,FALSE,1,0,"gr60_b10c_b20c","62_98",0,"60s_90s","60s_90s_1","98","62",1,0,1721.6976134290608,"no-tilt"
89,83,8,9,8,3,0,6,6,8,8,3,9,83,89,8,8,9,3,TRUE,FALSE,FALSE,FALSE,TRUE,FALSE,1,0,"gr60_b10w_b20w","83_89",0,"80s_80s","80s_80s_1","89","  83",1,0,2579.380164285695,"stim2-tilt-right"
95,68,9,5,6,8,3,3,27,6,9,5,8,68,95,8,6,15,8,FALSE,FALSE,FALSE,TRUE,TRUE,FALSE,1,0,"gr60_b10i_b20c","65_98",6,"60s_90s","60s_90s_1","95","68  ",1,0,2115.771782604519,"stim2-tilt-left"
46,53,4,6,5,3,1,3,7,4,5,3,6,46,53,4,5,6,3,FALSE,FALSE,FALSE,FALSE,FALSE,TRUE,0,1,"sm60_b10i_b20i","43_56",6,"40s_50s","40s_50s_0","46  ","53",0,0,1886.717247440622,"stim1-tilt-left"
36,52,3,6,5,2,2,4,16,3,5,2,6,36,52,3,5,6,2,FALSE,FALSE,FALSE,FALSE,FALSE,TRUE,0,1,"sm60_b10i_b20i","32_56",8,"30s_50s","30s_50s_0","36","52",0,0,2138.646883853214,"no-tilt"
89,76,8,9,7,6,1,3,13,7,8,6,9,76,89,8,6,9,16,FALSE,FALSE,TRUE,FALSE,TRUE,FALSE,1,0,"gr60_b10c_b20i","76_89",0,"70s_80s","70s_80s_1","  89","76",1,0,1193.820026016113,"stim1-tilt-right"
42,57,4,2,5,7,1,5,15,4,5,2,7,42,57,4,5,2,7,FALSE,FALSE,TRUE,TRUE,FALSE,TRUE,0,1,"sm60_b10c_b20c","42_57",0,"40s_50s","40s_50s_0","42  ","57",0,0,1065.7465731353395,"stim1-tilt-left"
NA,NA,NA,NA,NA,NA,NA,NA,NA,NA,NA,NA,NA,NA,NA,NA,NA,NA,NA,NA,NA,NA,NA,NA,NA,NA,NA,"null_event",NA,NA,NA,NA,"##","##",NA,1,1116.1591241095223,"no-tilt"
28,25,2,8,2,5,0,3,3,2,2,5,8,25,28,2,2,8,5,TRUE,FALSE,FALSE,FALSE,FALSE,TRUE,1,0,"sm60_b10w_b20w","25_28",0,"20s_20s","20s_20s_1","28","25  ",1,0,3000,"stim2-tilt-left"
73,86,7,3,8,6,1,3,13,7,8,3,6,73,86,6,8,13,6,FALSE,FALSE,TRUE,FALSE,TRUE,FALSE,0,1,"gr60_b10c_b20i","73_86",0,"70s_80s","70s_80s_0","73","  86",0,0,1602.0599913279623,"stim2-tilt-right"
27,53,2,7,5,3,3,4,26,2,5,3,7,27,53,2,5,7,3,FALSE,FALSE,FALSE,FALSE,FALSE,TRUE,0,1,"sm60_b10i_b20i","23_57",8,"20s_50s","20s_50s_0","  27","53",0,0,1406.3073588329178,"stim1-tilt-right"
64,98,6,4,9,8,3,4,34,6,9,4,8,64,98,6,8,4,18,FALSE,FALSE,TRUE,TRUE,TRUE,FALSE,0,1,"gr60_b10c_b20c","64_98",0,"60s_90s","60s_90s_0","64","98",0,0,1032.0511115732918,"no-tilt"
NA,NA,NA,NA,NA,NA,NA,NA,NA,NA,NA,NA,NA,NA,NA,NA,NA,NA,NA,NA,NA,NA,NA,NA,NA,NA,NA,"null_event",NA,NA,NA,NA,"  ##","##",NA,1,1063.3691232786641,"stim1-tilt-right"
97,83,9,7,8,3,1,4,14,8,9,3,7,83,97,8,8,17,3,FALSE,TRUE,TRUE,FALSE,TRUE,FALSE,1,0,"gr60_b10c_b20w","83_97",0,"80s_90s","80s_90s_1","97","83  ",1,0,1745.052873849393,"stim2-tilt-left"
84,79,8,4,7,9,1,5,5,7,8,4,9,79,84,8,6,4,19,FALSE,FALSE,FALSE,FALSE,TRUE,FALSE,1,0,"gr60_b10i_b20i","74_89",10,"70s_80s","70s_80s_1","84","  79",1,0,1121.8661069710142,"stim2-tilt-right"
83,74,8,3,7,4,1,1,9,7,8,3,4,74,83,8,6,3,14,FALSE,FALSE,FALSE,FALSE,TRUE,FALSE,1,0,"gr60_b10i_b20i","73_84",2,"70s_80s","70s_80s_1","83  ","74",1,0,1089.1482699378812,"stim1-tilt-left"
72,98,7,2,9,8,2,6,26,7,9,2,8,72,98,6,8,12,18,FALSE,FALSE,TRUE,TRUE,TRUE,FALSE,0,1,"gr60_b10c_b20c","72_98",0,"70s_90s","70s_90s_0","72  ","98",0,0,1367.6213917831278,"stim1-tilt-left"
NA,NA,NA,NA,NA,NA,NA,NA,NA,NA,NA,NA,NA,NA,NA,NA,NA,NA,NA,NA,NA,NA,NA,NA,NA,NA,NA,"null_event",NA,NA,NA,NA,"##","##",NA,1,2391.50525420634,"no-tilt"
94,78,9,4,7,8,2,4,16,7,9,4,8,78,94,8,6,14,18,FALSE,FALSE,FALSE,FALSE,TRUE,FALSE,1,0,"gr60_b10i_b20i","74_98",8,"70s_90s","70s_90s_1","94","  78",1,0,1598.482774311156,"stim2-tilt-right"
79,82,7,9,8,2,1,7,3,7,8,2,9,79,82,6,8,19,2,FALSE,FALSE,FALSE,FALSE,TRUE,FALSE,0,1,"gr60_b10i_b20i","72_89",14,"70s_80s","70s_80s_0","  79","82",0,0,1272.6485749234744,"stim1-tilt-right"
87,69,8,7,6,9,2,2,18,6,8,7,9,69,87,8,6,7,9,FALSE,FALSE,FALSE,FALSE,TRUE,FALSE,1,0,"gr60_b10i_b20i","67_89",4,"60s_80s","60s_80s_1","87","69  ",1,0,1058.0270744838665,"stim2-tilt-left"
78,69,7,8,6,9,1,1,9,6,7,8,9,69,78,6,6,18,9,FALSE,TRUE,FALSE,FALSE,TRUE,FALSE,1,0,"gr60_b10i_b20w","68_79",2,"60s_70s","60s_70s_1","78","  69",1,0,2474.7009299256133,"stim2-tilt-right"
86,79,8,6,7,9,1,3,7,7,8,6,9,79,86,8,6,6,19,FALSE,FALSE,FALSE,FALSE,TRUE,FALSE,1,0,"gr60_b10i_b20i","76_89",6,"70s_80s","70s_80s_1","86  ","79",1,0,1156.3533153961484,"stim1-tilt-left"
64,92,6,4,9,2,3,2,28,6,9,2,4,64,92,6,8,4,12,FALSE,FALSE,FALSE,TRUE,TRUE,FALSE,0,1,"gr60_b10i_b20c","62_94",4,"60s_90s","60s_90s_0","  64","92",0,0,1146.7431839417463,"stim1-tilt-right"
64,98,6,4,9,8,3,4,34,6,9,4,8,64,98,6,8,4,18,FALSE,FALSE,TRUE,TRUE,TRUE,FALSE,0,1,"gr60_b10c_b20c","64_98",0,"60s_90s","60s_90s_0","64","98",0,0,2278.30238657094,"no-tilt"
NA,NA,NA,NA,NA,NA,NA,NA,NA,NA,NA,NA,NA,NA,NA,NA,NA,NA,NA,NA,NA,NA,NA,NA,NA,NA,NA,"null_event",NA,NA,NA,NA,"##","##  ",NA,1,3000,"stim2-tilt-left"
32,39,3,2,3,9,0,7,7,3,3,2,9,32,39,3,3,2,9,TRUE,FALSE,FALSE,FALSE,FALSE,TRUE,0,1,"sm60_b10w_b20w","32_39",0,"30s_30s","30s_30s_0","  32","39",0,0,1068.020246032885,"stim1-tilt-right"
98,65,9,8,6,5,3,3,33,6,9,5,8,65,98,8,6,18,5,FALSE,FALSE,TRUE,TRUE,TRUE,FALSE,1,0,"gr60_b10c_b20c","65_98",0,"60s_90s","60s_90s_1","98","65  ",1,0,1487.391608967198,"stim2-tilt-left"
67,64,6,7,6,4,0,3,3,6,6,4,7,64,67,6,6,7,4,TRUE,FALSE,FALSE,FALSE,TRUE,FALSE,1,0,"gr60_b10w_b20w","64_67",0,"60s_60s","60s_60s_1","67","  64",1,0,1602.7311504737436,"stim2-tilt-right"
98,72,9,8,7,2,2,6,26,7,9,2,8,72,98,8,6,18,12,FALSE,FALSE,TRUE,TRUE,TRUE,FALSE,1,0,"gr60_b10c_b20c","72_98",0,"70s_90s","70s_90s_1","98","72",1,0,1221.0344929320436,"no-tilt"
NA,NA,NA,NA,NA,NA,NA,NA,NA,NA,NA,NA,NA,NA,NA,NA,NA,NA,NA,NA,NA,NA,NA,NA,NA,NA,NA,"null_event",NA,NA,NA,NA,"##  ","##",NA,1,1263.3256740898485,"stim1-tilt-left"
63,72,6,3,7,2,1,1,9,6,7,2,3,63,72,6,6,3,12,FALSE,TRUE,FALSE,FALSE,TRUE,FALSE,0,1,"gr60_b10i_b20w","62_73",2,"60s_70s","60s_70s_0","  63","72",0,0,1949.401859851226,"stim1-tilt-right"
53,28,5,3,2,8,3,5,25,2,5,3,8,28,53,5,2,3,8,FALSE,FALSE,FALSE,FALSE,FALSE,TRUE,1,0,"sm60_b10i_b20i","23_58",10,"20s_50s","20s_50s_1","53  ","28",1,0,2317.393805514015,"stim1-tilt-left"
92,87,9,2,8,7,1,5,5,8,9,2,7,87,92,8,8,12,7,FALSE,TRUE,FALSE,FALSE,TRUE,FALSE,1,0,"gr60_b10i_b20w","82_97",10,"80s_90s","80s_90s_1","92","  87",1,0,1182.763787743896,"stim2-tilt-right"
69,72,6,9,7,2,1,7,3,6,7,2,9,69,72,6,6,9,12,FALSE,TRUE,FALSE,FALSE,TRUE,FALSE,0,1,"gr60_b10i_b20w","62_79",14,"60s_70s","60s_70s_0","69","72",0,0,1334.8413445368033,"no-tilt"
NA,NA,NA,NA,NA,NA,NA,NA,NA,NA,NA,NA,NA,NA,NA,NA,NA,NA,NA,NA,NA,NA,NA,NA,NA,NA,NA,"null_event",NA,NA,NA,NA,"##","##  ",NA,1,1030.778795031714,"stim2-tilt-left"
75,76,7,5,7,6,0,1,1,7,7,5,6,75,76,6,6,15,16,TRUE,FALSE,FALSE,FALSE,TRUE,FALSE,0,1,"gr60_b10w_b20w","75_76",0,"70s_70s","70s_70s_0","75","76",0,0,1213.2374271690833,"no-tilt"
25,38,2,5,3,8,1,3,13,2,3,5,8,25,38,2,3,5,8,FALSE,FALSE,TRUE,TRUE,FALSE,TRUE,0,1,"sm60_b10c_b20c","25_38",0,"20s_30s","20s_30s_0","25","  38",0,0,1266.3571160351544,"stim2-tilt-right"
85,62,8,5,6,2,2,3,23,6,8,2,5,62,85,8,6,5,2,FALSE,FALSE,TRUE,TRUE,TRUE,FALSE,1,0,"gr60_b10c_b20c","62_85",0,"60s_80s","60s_80s_1","85","62  ",1,0,1822.9618891770338,"stim2-tilt-left"
38,54,3,8,5,4,2,4,16,3,5,4,8,38,54,3,5,8,4,FALSE,FALSE,FALSE,FALSE,FALSE,TRUE,0,1,"sm60_b10i_b20i","34_58",8,"30s_50s","30s_50s_0","38  ","54",0,0,2000.0000000000005,"stim1-tilt-left"
74,98,7,4,9,8,2,4,24,7,9,4,8,74,98,6,8,14,18,FALSE,FALSE,TRUE,TRUE,TRUE,FALSE,0,1,"gr60_b10c_b20c","74_98",0,"70s_90s","70s_90s_0","  74","98",0,0,1266.3571160351544,"stim1-tilt-right"
79,62,7,9,6,2,1,7,17,6,7,2,9,62,79,6,6,19,2,FALSE,TRUE,TRUE,FALSE,TRUE,FALSE,1,0,"gr60_b10c_b20w","62_79",0,"60s_70s","60s_70s_1","  79","62",1,0,1482.6911740814019,"stim1-tilt-right"
NA,NA,NA,NA,NA,NA,NA,NA,NA,NA,NA,NA,NA,NA,NA,NA,NA,NA,NA,NA,NA,NA,NA,NA,NA,NA,NA,"null_event",NA,NA,NA,NA,"##  ","##",NA,1,1623.6703741800993,"stim1-tilt-left"
53,47,5,3,4,7,1,4,6,4,5,3,7,47,53,5,4,3,7,FALSE,FALSE,FALSE,FALSE,FALSE,TRUE,1,0,"sm60_b10i_b20i","43_57",8,"40s_50s","40s_50s_1","53","47",1,0,1707.9703257798212,"no-tilt"
89,74,8,9,7,4,1,5,15,7,8,4,9,74,89,8,6,9,14,FALSE,FALSE,TRUE,FALSE,TRUE,FALSE,1,0,"gr60_b10c_b20i","74_89",0,"70s_80s","70s_80s_1","89","  74",1,0,1795.8800173440754,"stim2-tilt-right"
63,87,6,3,8,7,2,4,24,6,8,3,7,63,87,6,8,3,7,FALSE,FALSE,TRUE,TRUE,TRUE,FALSE,0,1,"gr60_b10c_b20c","63_87",0,"60s_80s","60s_80s_0","63","87  ",0,0,1101.2642757479734,"stim2-tilt-left"
86,72,8,6,7,2,1,4,14,7,8,2,6,72,86,8,6,6,12,FALSE,FALSE,TRUE,FALSE,TRUE,FALSE,1,0,"gr60_b10c_b20i","72_86",0,"70s_80s","70s_80s_1","  86","72",1,0,1443.6974992327127,"stim1-tilt-right"
63,97,6,3,9,7,3,4,34,6,9,3,7,63,97,6,8,3,17,FALSE,FALSE,TRUE,TRUE,TRUE,FALSE,0,1,"gr60_b10c_b20c","63_97",0,"60s_90s","60s_90s_0","63","  97",0,0,3000,"stim2-tilt-right"
58,24,5,8,2,4,3,4,34,2,5,4,8,24,58,5,2,8,4,FALSE,FALSE,TRUE,TRUE,FALSE,TRUE,1,0,"sm60_b10c_b20c","24_58",0,"20s_50s","20s_50s_1","58","24  ",1,0,1556.6047731418794,"stim2-tilt-left"
NA,NA,NA,NA,NA,NA,NA,NA,NA,NA,NA,NA,NA,NA,NA,NA,NA,NA,NA,NA,NA,NA,NA,NA,NA,NA,NA,"null_event",NA,NA,NA,NA,"##","##",NA,1,1313.712739321752,"no-tilt"
82,96,8,2,9,6,1,4,14,8,9,2,6,82,96,8,8,2,16,FALSE,TRUE,TRUE,FALSE,TRUE,FALSE,0,1,"gr60_b10c_b20w","82_96",0,"80s_90s","80s_90s_0","82  ","96",0,0,1602.8890090825712,"stim1-tilt-left"
89,86,8,9,8,6,0,3,3,8,8,6,9,86,89,8,8,9,6,TRUE,FALSE,FALSE,FALSE,TRUE,FALSE,1,0,"gr60_b10w_b20w","86_89",0,"80s_80s","80s_80s_1","89","86",1,0,1666.666666666667,"no-tilt"
57,52,5,7,5,2,0,5,5,5,5,2,7,52,57,5,5,7,2,TRUE,FALSE,FALSE,FALSE,FALSE,TRUE,1,0,"sm60_b10w_b20w","52_57",0,"50s_50s","50s_50s_1","57  ","52",1,0,1460.5090416094097,"stim1-tilt-left"
NA,NA,NA,NA,NA,NA,NA,NA,NA,NA,NA,NA,NA,NA,NA,NA,NA,NA,NA,NA,NA,NA,NA,NA,NA,NA,NA,"null_event",NA,NA,NA,NA,"  ##","##",NA,1,1174.515762619021,"stim1-tilt-right"
75,63,7,5,6,3,1,2,12,6,7,3,5,63,75,6,6,15,3,FALSE,TRUE,TRUE,FALSE,TRUE,FALSE,1,0,"gr60_b10c_b20w","63_75",0,"60s_70s","60s_70s_1","75","63  ",1,0,3000,"stim2-tilt-left"
43,46,4,3,4,6,0,3,3,4,4,3,6,43,46,4,4,3,6,TRUE,FALSE,FALSE,FALSE,FALSE,TRUE,0,1,"sm60_b10w_b20w","43_46",0,"40s_40s","40s_40s_0","43","  46",0,0,1299.496123119257,"stim2-tilt-right"
39,25,3,9,2,5,1,4,14,2,3,5,9,25,39,3,2,9,5,FALSE,FALSE,TRUE,TRUE,FALSE,TRUE,1,0,"sm60_b10c_b20c","25_39",0,"20s_30s","20s_30s_1","39","25",1,0,3000,"no-tilt"
23,28,2,3,2,8,0,5,5,2,2,3,8,23,28,2,2,3,8,TRUE,FALSE,FALSE,FALSE,FALSE,TRUE,0,1,"sm60_b10w_b20w","23_28",0,"20s_20s","20s_20s_0","23","  28",0,0,1617.980927663424,"stim2-tilt-right"
32,38,3,2,3,8,0,6,6,3,3,2,8,32,38,3,3,2,8,TRUE,FALSE,FALSE,FALSE,FALSE,TRUE,0,1,"sm60_b10w_b20w","32_38",0,"30s_30s","30s_30s_0","32","38  ",0,0,1508.5509354542312,"stim2-tilt-left"
76,82,7,6,8,2,1,4,6,7,8,2,6,76,82,6,8,16,2,FALSE,FALSE,FALSE,FALSE,TRUE,FALSE,0,1,"gr60_b10i_b20i","72_86",8,"70s_80s","70s_80s_0","76  ","82",0,0,1973.4071877678957,"stim1-tilt-left"
54,38,5,4,3,8,2,4,16,3,5,4,8,38,54,5,3,4,8,FALSE,FALSE,FALSE,FALSE,FALSE,TRUE,1,0,"sm60_b10i_b20i","34_58",8,"30s_50s","30s_50s_1","  54","38",1,0,1456.0406893672289,"stim1-tilt-right"
NA,NA,NA,NA,NA,NA,NA,NA,NA,NA,NA,NA,NA,NA,NA,NA,NA,NA,NA,NA,NA,NA,NA,NA,NA,NA,NA,"null_event",NA,NA,NA,NA,"##","  ##",NA,1,1015.1756283864402,"stim2-tilt-right"
38,39,3,8,3,9,0,1,1,3,3,8,9,38,39,3,3,8,9,TRUE,FALSE,FALSE,FALSE,FALSE,TRUE,0,1,"sm60_b10w_b20w","38_39",0,"30s_30s","30s_30s_0","38","39  ",0,0,2583.9708046469814,"stim2-tilt-left"
76,98,7,6,9,8,2,2,22,7,9,6,8,76,98,6,8,16,18,FALSE,FALSE,TRUE,TRUE,TRUE,FALSE,0,1,"gr60_b10c_b20c","76_98",0,"70s_90s","70s_90s_0","76  ","98",0,0,2089.3190052121886,"stim1-tilt-left"
58,53,5,8,5,3,0,5,5,5,5,3,8,53,58,5,5,8,3,TRUE,FALSE,FALSE,FALSE,FALSE,TRUE,1,0,"sm60_b10w_b20w","53_58",0,"50s_50s","50s_50s_1","  58","53",1,0,1416.0291953530193,"stim1-tilt-right"
NA,NA,NA,NA,NA,NA,NA,NA,NA,NA,NA,NA,NA,NA,NA,NA,NA,NA,NA,NA,NA,NA,NA,NA,NA,NA,NA,"null_event",NA,NA,NA,NA,"##","##",NA,1,1097.9976351938249,"no-tilt"
73,89,7,3,8,9,1,6,16,7,8,3,9,73,89,6,8,13,9,FALSE,FALSE,TRUE,FALSE,TRUE,FALSE,0,1,"gr60_b10c_b20i","73_89",0,"70s_80s","70s_80s_0","73  ","89",0,0,2045.757490560675,"stim1-tilt-left"
75,82,7,5,8,2,1,3,7,7,8,2,5,75,82,6,8,15,2,FALSE,FALSE,FALSE,FALSE,TRUE,FALSE,0,1,"gr60_b10i_b20i","72_85",6,"70s_80s","70s_80s_0","75","  82",0,0,1758.785687328288,"stim2-tilt-right"
57,58,5,7,5,8,0,1,1,5,5,7,8,57,58,5,5,7,8,TRUE,FALSE,FALSE,FALSE,FALSE,TRUE,0,1,"sm60_b10w_b20w","57_58",0,"50s_50s","50s_50s_0","  57","58",0,0,1144.7462519665146,"stim1-tilt-right"
79,63,7,9,6,3,1,6,16,6,7,3,9,63,79,6,6,19,3,FALSE,TRUE,TRUE,FALSE,TRUE,FALSE,1,0,"gr60_b10c_b20w","63_79",0,"60s_70s","60s_70s_1","79","63",1,0,1204.5765649947539,"no-tilt"
56,53,5,6,5,3,0,3,3,5,5,3,6,53,56,5,5,6,3,TRUE,FALSE,FALSE,FALSE,FALSE,TRUE,1,0,"sm60_b10w_b20w","53_56",0,"50s_50s","50s_50s_1","56","53  ",1,0,1044.4798462563904,"stim2-tilt-left"
32,49,3,2,4,9,1,7,17,3,4,2,9,32,49,3,4,2,9,FALSE,FALSE,TRUE,TRUE,FALSE,TRUE,0,1,"sm60_b10c_b20c","32_49",0,"30s_40s","30s_40s_0","32","49  ",0,0,1032.0511115732918,"stim2-tilt-left"
NA,NA,NA,NA,NA,NA,NA,NA,NA,NA,NA,NA,NA,NA,NA,NA,NA,NA,NA,NA,NA,NA,NA,NA,NA,NA,NA,"null_event",NA,NA,NA,NA,"##","##",NA,1,1464.3302399475185,"no-tilt"
25,39,2,5,3,9,1,4,14,2,3,5,9,25,39,2,3,5,9,FALSE,FALSE,TRUE,TRUE,FALSE,TRUE,0,1,"sm60_b10c_b20c","25_39",0,"20s_30s","20s_30s_0","  25","39",0,0,1487.391608967198,"stim1-tilt-right"
82,69,8,2,6,9,2,7,13,6,8,2,9,69,82,8,6,2,9,FALSE,FALSE,FALSE,FALSE,TRUE,FALSE,1,0,"gr60_b10i_b20i","62_89",14,"60s_80s","60s_80s_1","82","  69",1,0,2557.8705410849916,"stim2-tilt-right"
69,83,6,9,8,3,2,6,14,6,8,3,9,69,83,6,8,9,3,FALSE,FALSE,FALSE,FALSE,TRUE,FALSE,0,1,"gr60_b10i_b20i","63_89",12,"60s_80s","60s_80s_0","69  ","83",0,0,1316.6562284132808,"stim1-tilt-left"
36,42,3,6,4,2,1,4,6,3,4,2,6,36,42,3,4,6,2,FALSE,FALSE,FALSE,FALSE,FALSE,TRUE,0,1,"sm60_b10i_b20i","32_46",8,"30s_40s","30s_40s_0","36","  42",0,0,1317.3938055140147,"stim2-tilt-right"
27,23,2,7,2,3,0,4,4,2,2,3,7,23,27,2,2,7,3,TRUE,FALSE,FALSE,FALSE,FALSE,TRUE,1,0,"sm60_b10w_b20w","23_27",0,"20s_20s","20s_20s_1","  27","23",1,0,1924.5801308072505,"stim1-tilt-right"
63,89,6,3,8,9,2,6,26,6,8,3,9,63,89,6,8,3,9,FALSE,FALSE,TRUE,TRUE,TRUE,FALSE,0,1,"gr60_b10c_b20c","63_89",0,"60s_80s","60s_80s_0","63","89",0,0,1138.8126367859622,"no-tilt"
NA,NA,NA,NA,NA,NA,NA,NA,NA,NA,NA,NA,NA,NA,NA,NA,NA,NA,NA,NA,NA,NA,NA,NA,NA,NA,NA,"null_event",NA,NA,NA,NA,"##  ","##",NA,1,1848.2476799606386,"stim1-tilt-left"
32,58,3,2,5,8,2,6,26,3,5,2,8,32,58,3,5,2,8,FALSE,FALSE,TRUE,TRUE,FALSE,TRUE,0,1,"sm60_b10c_b20c","32_58",0,"30s_50s","30s_50s_0","32","58  ",0,0,2089.3190052121886,"stim2-tilt-left"
79,84,7,9,8,4,1,5,5,7,8,4,9,79,84,6,8,19,4,FALSE,FALSE,FALSE,FALSE,TRUE,FALSE,0,1,"gr60_b10i_b20i","74_89",10,"70s_80s","70s_80s_0","79","84",0,0,3000,"no-tilt"
47,42,4,7,4,2,0,5,5,4,4,2,7,42,47,4,4,7,2,TRUE,FALSE,FALSE,FALSE,FALSE,TRUE,1,0,"sm60_b10w_b20w","42_47",0,"40s_40s","40s_40s_1","  47","42",1,0,1265.1894569675187,"stim1-tilt-right"
NA,NA,NA,NA,NA,NA,NA,NA,NA,NA,NA,NA,NA,NA,NA,NA,NA,NA,NA,NA,NA,NA,NA,NA,NA,NA,NA,"null_event",NA,NA,NA,NA,"##","  ##",NA,1,2232.1651199737585,"stim2-tilt-right"
58,34,5,8,3,4,2,4,24,3,5,4,8,34,58,5,3,8,4,FALSE,FALSE,TRUE,TRUE,FALSE,TRUE,1,0,"sm60_b10c_b20c","34_58",0,"30s_50s","30s_50s_1","58","34  ",1,0,1424.780686069488,"stim2-tilt-left"
65,92,6,5,9,2,3,3,27,6,9,2,5,65,92,6,8,5,12,FALSE,FALSE,FALSE,TRUE,TRUE,FALSE,0,1,"gr60_b10i_b20c","62_95",6,"60s_90s","60s_90s_0","65  ","92",0,0,1704.629075244006,"stim1-tilt-left"
38,32,3,8,3,2,0,6,6,3,3,2,8,32,38,3,3,8,2,TRUE,FALSE,FALSE,FALSE,FALSE,TRUE,1,0,"sm60_b10w_b20w","32_38",0,"30s_30s","30s_30s_1","38","32",1,0,2167.9416092939628,"no-tilt"
98,73,9,8,7,3,2,5,25,7,9,3,8,73,98,8,6,18,13,FALSE,FALSE,TRUE,TRUE,TRUE,FALSE,1,0,"gr60_b10c_b20c","73_98",0,"70s_90s","70s_90s_1","98  ","73",1,0,1424.780686069488,"stim1-tilt-left"
87,92,8,7,9,2,1,5,5,8,9,2,7,87,92,8,8,7,12,FALSE,TRUE,FALSE,FALSE,TRUE,FALSE,0,1,"gr60_b10i_b20w","82_97",10,"80s_90s","80s_90s_0","87","  92",0,0,1525.2990700743871,"stim2-tilt-right"
84,89,8,4,8,9,0,5,5,8,8,4,9,84,89,8,8,4,9,TRUE,FALSE,FALSE,FALSE,TRUE,FALSE,0,1,"gr60_b10w_b20w","84_89",0,"80s_80s","80s_80s_0","  84","89",0,0,1182.1113147594388,"stim1-tilt-right"
NA,NA,NA,NA,NA,NA,NA,NA,NA,NA,NA,NA,NA,NA,NA,NA,NA,NA,NA,NA,NA,NA,NA,NA,NA,NA,NA,"null_event",NA,NA,NA,NA,"##","##  ",NA,1,2616.0825599868795,"stim2-tilt-left"
62,95,6,2,9,5,3,3,33,6,9,2,5,62,95,6,8,2,15,FALSE,FALSE,TRUE,TRUE,TRUE,FALSE,0,1,"gr60_b10c_b20c","62_95",0,"60s_90s","60s_90s_0","62","  95",0,0,1633.9785078182822,"stim2-tilt-right"
46,35,4,6,3,5,1,1,11,3,4,5,6,35,46,4,3,6,5,FALSE,FALSE,TRUE,TRUE,FALSE,TRUE,1,0,"sm60_b10c_b20c","35_46",0,"30s_40s","30s_40s_1","46","35  ",1,0,1138.8126367859622,"stim2-tilt-left"
74,89,7,4,8,9,1,5,15,7,8,4,9,74,89,6,8,14,9,FALSE,FALSE,TRUE,FALSE,TRUE,FALSE,0,1,"gr60_b10c_b20i","74_89",0,"70s_80s","70s_80s_0","74  ","89",0,0,1091.5149811213503,"stim1-tilt-left"
94,67,9,4,6,7,3,3,27,6,9,4,7,67,94,8,6,14,7,FALSE,FALSE,FALSE,TRUE,TRUE,FALSE,1,0,"gr60_b10i_b20c","64_97",6,"60s_90s","60s_90s_1","94","67",1,0,1433.8162971061076,"no-tilt"
98,64,9,8,6,4,3,4,34,6,9,4,8,64,98,8,6,18,4,FALSE,FALSE,TRUE,TRUE,TRUE,FALSE,1,0,"gr60_b10c_b20c","64_98",0,"60s_90s","60s_90s_1","  98","64",1,0,2544.659502606094,"stim1-tilt-right"
